{
    "t0": 8481.172796984529,
    "t1": -0.021273719070404658
}